{"cameraMode":{"drawMode":0,"name":"Shaded","section":"Shading Mode"},"sceneLighting":false,"audioPlay":false,"sceneViewState":{"m_AlwaysRefresh":false,"showFog":true,"showSkybox":false,"showFlares":true,"showImageEffects":true,"showParticleSystems":true,"showVisualEffectGraphs":true,"m_FxEnabled":true},"in2DMode":false,"pivot":{"x":-0.11172447353601456,"y":0.19207549095153809,"z":0.5053622126579285},"rotation":{"x":0.10308855026960373,"y":-0.7812924385070801,"z":0.1338910311460495,"w":0.6007024645805359},"size":0.642900824546814,"orthographic":false}