{"cameraMode":{"drawMode":0,"name":"Shaded","section":"Shading Mode"},"sceneLighting":false,"audioPlay":false,"sceneViewState":{"m_AlwaysRefresh":false,"showFog":true,"showSkybox":false,"showFlares":true,"showImageEffects":true,"showParticleSystems":true,"showVisualEffectGraphs":true,"m_FxEnabled":true},"in2DMode":false,"pivot":{"x":0.20814502239227296,"y":1.1585962772369385,"z":0.5093873739242554},"rotation":{"x":0.09210120886564255,"y":-0.8616765141487122,"z":0.16882286965847016,"w":0.4697878658771515},"size":0.6657511591911316,"orthographic":false}