{"cameraMode":{"drawMode":0,"name":"Shaded","section":"Shading Mode"},"sceneLighting":false,"audioPlay":false,"sceneViewState":{"m_AlwaysRefresh":false,"showFog":true,"showSkybox":false,"showFlares":true,"showImageEffects":true,"showParticleSystems":true,"showVisualEffectGraphs":true,"m_FxEnabled":true},"in2DMode":false,"pivot":{"x":0.1636066436767578,"y":-14.32278060913086,"z":7.484000205993652},"rotation":{"x":0.030301645398139955,"y":-0.00031786816543899477,"z":-0.000012260061339475214,"w":0.9994497895240784},"size":23.16778564453125,"orthographic":false}