{"cameraMode":{"drawMode":0,"name":"Shaded","section":"Shading Mode"},"sceneLighting":false,"audioPlay":false,"sceneViewState":{"m_AlwaysRefresh":false,"showFog":false,"showSkybox":false,"showFlares":false,"showImageEffects":false,"showParticleSystems":false,"showVisualEffectGraphs":true,"m_FxEnabled":true},"in2DMode":false,"pivot":{"x":0.001541733741760254,"y":0.9115197658538818,"z":0.010714203119277954},"rotation":{"x":0.009798728860914708,"y":0.9901551008224487,"z":-0.10316000133752823,"w":0.09415153414011002},"size":1.265134572982788,"orthographic":false}