{"cameraMode":{"drawMode":0,"name":"Shaded","section":"Shading Mode"},"sceneLighting":false,"audioPlay":false,"sceneViewState":{"m_AlwaysRefresh":false,"showFog":true,"showSkybox":false,"showFlares":true,"showImageEffects":true,"showParticleSystems":true,"showVisualEffectGraphs":true,"m_FxEnabled":true},"in2DMode":false,"pivot":{"x":-3.1500000953674318,"y":1.2999999523162842,"z":3.180000066757202},"rotation":{"x":0.14675535261631013,"y":-0.01366993598639965,"z":0.0020175816025584938,"w":0.989031195640564},"size":0.08691208809614182,"orthographic":false}