{"cameraMode":{"drawMode":0,"name":"Shaded","section":"Shading Mode"},"sceneLighting":false,"audioPlay":false,"sceneViewState":{"m_AlwaysRefresh":false,"showFog":true,"showSkybox":false,"showFlares":true,"showImageEffects":true,"showParticleSystems":true,"showVisualEffectGraphs":true,"m_FxEnabled":true},"in2DMode":false,"pivot":{"x":-0.17303654551506043,"y":0.24042002856731416,"z":1.2148901224136353},"rotation":{"x":0.003696117317304015,"y":0.9950684309005737,"z":-0.08860699832439423,"w":0.04211798682808876},"size":0.513750433921814,"orthographic":false}