{"cameraMode":{"drawMode":0,"name":"Shaded","section":"Shading Mode"},"sceneLighting":false,"audioPlay":false,"sceneViewState":{"m_AlwaysRefresh":false,"showFog":true,"showSkybox":false,"showFlares":true,"showImageEffects":true,"showParticleSystems":true,"showVisualEffectGraphs":true,"m_FxEnabled":true},"in2DMode":false,"pivot":{"x":0.1461450159549713,"y":1.1585962772369385,"z":0.5093873739242554},"rotation":{"x":-0.0032221595756709577,"y":0.9918630123138428,"z":-0.12732213735580445,"w":-0.018353717401623727},"size":0.6657511591911316,"orthographic":false}