{"cameraMode":{"drawMode":0,"name":"Shaded","section":"Shading Mode"},"sceneLighting":false,"audioPlay":false,"sceneViewState":{"m_AlwaysRefresh":false,"showFog":true,"showSkybox":false,"showFlares":true,"showImageEffects":true,"showParticleSystems":true,"showVisualEffectGraphs":true,"m_FxEnabled":true},"in2DMode":false,"pivot":{"x":0.3009205758571625,"y":0.4178257882595062,"z":2.696139335632324},"rotation":{"x":0.05332542210817337,"y":-0.9442475438117981,"z":0.1926960051059723,"w":0.2613074481487274},"size":0.18725472688674928,"orthographic":false}