{"cameraMode":{"drawMode":0,"name":"Shaded","section":"Shading Mode"},"sceneLighting":false,"audioPlay":false,"sceneViewState":{"m_AlwaysRefresh":false,"showFog":true,"showSkybox":false,"showFlares":true,"showImageEffects":true,"showParticleSystems":true,"showVisualEffectGraphs":true,"m_FxEnabled":true},"in2DMode":false,"pivot":{"x":0.30000001192092898,"y":-0.10013873875141144,"z":1.1419999599456788},"rotation":{"x":0.18814988434314729,"y":0.011464213952422142,"z":-0.0022481600753962995,"w":0.9819774031639099},"size":1.2862651348114014,"orthographic":false}