{"cameraMode":{"drawMode":0,"name":"Shaded","section":"Shading Mode"},"sceneLighting":false,"audioPlay":false,"sceneViewState":{"m_AlwaysRefresh":false,"showFog":true,"showSkybox":false,"showFlares":true,"showImageEffects":true,"showParticleSystems":true,"showVisualEffectGraphs":true,"m_FxEnabled":true},"in2DMode":false,"pivot":{"x":-0.12469681352376938,"y":-0.017743367701768876,"z":1.101117730140686},"rotation":{"x":0.18808194994926454,"y":-0.17427511513233186,"z":0.0338691882789135,"w":0.9658685922622681},"size":0.386602520942688,"orthographic":false}