{"cameraMode":{"drawMode":0,"name":"Shaded","section":"Shading Mode"},"sceneLighting":false,"audioPlay":false,"sceneViewState":{"m_AlwaysRefresh":false,"showFog":true,"showSkybox":false,"showFlares":true,"showImageEffects":true,"showParticleSystems":true,"showVisualEffectGraphs":true,"m_FxEnabled":true},"in2DMode":false,"pivot":{"x":-0.23051166534423829,"y":-24.241565704345704,"z":13.610974311828614},"rotation":{"x":0.18315553665161134,"y":0.7072757482528687,"z":-0.1982661783695221,"w":0.6533730626106262},"size":37.46481704711914,"orthographic":false}