{"cameraMode":{"drawMode":0,"name":"Shaded","section":"Shading Mode"},"sceneLighting":false,"audioPlay":false,"sceneViewState":{"m_AlwaysRefresh":false,"showFog":true,"showSkybox":false,"showFlares":true,"showImageEffects":true,"showParticleSystems":true,"showVisualEffectGraphs":true,"m_FxEnabled":true},"in2DMode":false,"pivot":{"x":0.2451450228691101,"y":1.1585962772369385,"z":0.5093873739242554},"rotation":{"x":0.02271856926381588,"y":0.9758909940719605,"z":-0.17869073152542115,"w":0.12437206506729126},"size":0.6657511591911316,"orthographic":false}