{"cameraMode":{"drawMode":0,"name":"Shaded","section":"Shading Mode"},"sceneLighting":false,"audioPlay":false,"sceneViewState":{"m_AlwaysRefresh":false,"showFog":false,"showSkybox":false,"showFlares":false,"showImageEffects":false,"showParticleSystems":false,"showVisualEffectGraphs":true,"m_FxEnabled":true},"in2DMode":false,"pivot":{"x":0.25235480070114138,"y":0.87752765417099,"z":0.06493926048278809},"rotation":{"x":0.006025357637554407,"y":0.992351770401001,"z":-0.11091773957014084,"w":0.053939178586006168},"size":1.0826411247253419,"orthographic":false}