{"cameraMode":{"drawMode":0,"name":"Shaded","section":"Shading Mode"},"sceneLighting":false,"audioPlay":false,"sceneViewState":{"m_AlwaysRefresh":false,"showFog":true,"showSkybox":false,"showFlares":true,"showImageEffects":true,"showParticleSystems":true,"showVisualEffectGraphs":true,"m_FxEnabled":true},"in2DMode":false,"pivot":{"x":-0.19158247113227845,"y":4.159195899963379,"z":0.5905954837799072},"rotation":{"x":0.01367546059191227,"y":-0.9683798551559448,"z":0.24375326931476594,"w":0.05412725731730461},"size":0.8660253882408142,"orthographic":false}