{"cameraMode":{"drawMode":0,"name":"Shaded","section":"Shading Mode"},"sceneLighting":false,"audioPlay":false,"sceneViewState":{"m_AlwaysRefresh":false,"showFog":true,"showSkybox":false,"showFlares":true,"showImageEffects":true,"showParticleSystems":true,"showVisualEffectGraphs":true,"m_FxEnabled":true},"in2DMode":false,"pivot":{"x":0.12498219311237335,"y":0.17499205470085145,"z":0.0013027009554207326},"rotation":{"x":0.14819930493831635,"y":-0.025528231635689737,"z":0.0038159366231411697,"w":0.9885387420654297},"size":0.22210611402988435,"orthographic":false}