{"cameraMode":{"drawMode":0,"name":"Shaded","section":"Shading Mode"},"sceneLighting":false,"audioPlay":false,"sceneViewState":{"m_AlwaysRefresh":false,"showFog":true,"showSkybox":false,"showFlares":true,"showImageEffects":true,"showParticleSystems":true,"showVisualEffectGraphs":true,"m_FxEnabled":true},"in2DMode":false,"pivot":{"x":550.7921752929688,"y":200.19322204589845,"z":1.3210999965667725},"rotation":{"x":0.08419642597436905,"y":0.013135426677763462,"z":-0.0011029656743630767,"w":0.9962930083274841},"size":0.13148128986358643,"orthographic":false}