{"cameraMode":{"drawMode":0,"name":"Shaded","section":"Shading Mode"},"sceneLighting":false,"audioPlay":false,"sceneViewState":{"m_AlwaysRefresh":false,"showFog":false,"showSkybox":false,"showFlares":false,"showImageEffects":false,"showParticleSystems":false,"showVisualEffectGraphs":true,"m_FxEnabled":true},"in2DMode":false,"pivot":{"x":0.6476624011993408,"y":0.3387725353240967,"z":-10.783751487731934},"rotation":{"x":0.002554195001721382,"y":0.9956435561180115,"z":-0.08865602314472199,"w":0.028683343902230264},"size":7.78101921081543,"orthographic":false}